"geo_level","cbsa","cbsa_title","state","specialty","avg_price_esi","avg_price_pfs","avg_price_ffs","esi_patient_count","esi_member_years","esi_provider_count","esi_total_claims"
"State","SSSSS","State-AL","AL","Non-Primary Care",64.593529,64.901093,60.953903,92699,82552.414,8810,422239
"State","SSSSS","State-AL","AL","Primary Care",62.956596,64.901215,56.515015,108900,96107.914,5273,361999
"State","SSSSS","State-AR","AR","Non-Primary Care",74.422134,64.309616,60.46661,97418,87723.336,6705,488620
"State","SSSSS","State-AR","AR","Primary Care",73.370941,64.310631,56.147881,122926,109696.75,3707,414360
"State","SSSSS","State-AZ","AZ","Non-Primary Care",73.765587,68.892303,64.903008,533578,476824.25,17979,3167130
"State","SSSSS","State-AZ","AZ","Primary Care",71.186768,68.89299,60.206295,570843,506566.66,9205,1779219
"State","SSSSS","State-CA","CA","Non-Primary Care",96.060951,77.042633,70.901154,1115382,1008831.5,79336,6969957.5
"State","SSSSS","State-CA","CA","Primary Care",102.8278,76.753105,65.719971,1146062,1035916.6,29949,3148932
"State","SSSSS","State-CO","CO","Non-Primary Care",85.743332,70.355942,66.314644,397693,357470.59,17350,2262966
"State","SSSSS","State-CO","CO","Primary Care",85.376106,70.35537,61.448936,438876,391790.34,8167,1188031
"State","SSSSS","State-CT","CT","Non-Primary Care",103.01556,74.940804,70.176918,289987,262580.34,14090,1604176.3
"State","SSSSS","State-CT","CT","Primary Care",95.236618,74.939659,64.825935,290206,262118.08,7231,822396
"State","SSSSS","State-DC","DC","Non-Primary Care",99.467941,78.750557,73.297752,112863,104212.41,4733,564178.31
"State","SSSSS","State-DC","DC","Primary Care",101.19426,78.750252,68.087082,73115,66830.586,2131,165403
"State","SSSSS","State-DE","DE","Non-Primary Care",73.206093,71.105141,67.022415,94529,78349,3588,521788
"State","SSSSS","State-DE","DE","Primary Care",74.456001,71.099243,62.300144,83889,69283,1683,210283
"State","SSSSS","State-FL","FL","Non-Primary Care",76.733742,70.649765,66.417877,1437374,1289876.3,49681,7777618
"State","SSSSS","State-FL","FL","Primary Care",76.261009,70.572929,62.172565,1429073,1279067.6,23627,4093033
"State","SSSSS","State-GA","GA","Non-Primary Care",90.284554,68.815834,64.19194,754540,674624.75,23876,3756474
"State","SSSSS","State-GA","GA","Primary Care",90.087036,68.392982,59.486797,733116,652000.44,9983,1991405
"State","SSSSS","State-HI","HI","Non-Primary Care",83.985252,73.895004,68.031754,11009,10108.75,2286,38410
"State","SSSSS","State-IA","IA","Non-Primary Care",91.604805,65.146126,61.674587,150222,138015.75,9343,757281
"State","SSSSS","State-IA","IA","Primary Care",98.194183,65.144485,57.889252,212733,193598.92,5450,647048
"State","SSSSS","State-ID","ID","Non-Primary Care",94.093422,65.209465,61.008949,44007,39932.668,4922,211623
"State","SSSSS","State-ID","ID","Primary Care",98.094872,65.208099,56.688152,57589,51682.75,2740,159570
"State","SSSSS","State-IL","IL","Non-Primary Care",89.225647,72.130928,67.307259,865429,770052.19,43896,4862592
"State","SSSSS","State-IL","IL","Primary Care",88.753616,71.787766,63.043026,866944,765557.19,22169,2288845
"State","SSSSS","State-IN","IN","Non-Primary Care",72.240005,65.837753,62.443851,288951,260602.17,16417,1308545
"State","SSSSS","State-IN","IN","Primary Care",72.130478,65.837845,57.943798,306116,273601.59,8999,834314
"State","SSSSS","State-KS","KS","Non-Primary Care",72.235802,65.743889,61.843887,218123,197779.42,9925,1053755
"State","SSSSS","State-KS","KS","Primary Care",74.394852,65.742538,57.341251,230527,206404.83,4606,640760.88
"State","SSSSS","State-KY","KY","Non-Primary Care",68.066925,65.109573,61.607101,227637,206044.92,11854,1084085.3
"State","SSSSS","State-KY","KY","Primary Care",67.33284,65.109016,57.49474,237355,211368.83,6716,703420
"State","SSSSS","State-LA","LA","Non-Primary Care",75.381775,67.412033,62.794189,261905,236270.25,11676,1408045
"State","SSSSS","State-LA","LA","Primary Care",74.576912,67.07856,58.749142,234164,209811.17,5276,716252
"State","SSSSS","State-MA","MA","Non-Primary Care",106.41027,74.391304,69.178894,301598,276806,26901,1679653
"State","SSSSS","State-MA","MA","Primary Care",109.71436,74.167633,64.256767,281007,257195,12180,722140
"State","SSSSS","State-MD","MD","Non-Primary Care",78.244865,75.3899,70.057495,464932,424395.84,20916,2897332.3
"State","SSSSS","State-MD","MD","Primary Care",82.596642,75.252525,68.744598,455729,414249.84,8954,1197742
"State","SSSSS","State-ME","ME","Non-Primary Care",85.216713,67.108086,63.666824,229936,202669.25,14035,731121
"State","SSSSS","State-ME","ME","Primary Care",86.385506,66.890457,59.202011,205868,178324.67,9906,466578
"State","SSSSS","State-MI","MI","Non-Primary Care",78.004662,69.093346,64.839966,254772,227764.42,26258,1395286.1
"State","SSSSS","State-MI","MI","Primary Care",80.998306,68.7724,59.970257,259101,231056.42,12594,694494
"State","SSSSS","State-MO","MO","Non-Primary Care",72.639069,67.397087,63.026043,531543,477944.91,19128,2561735
"State","SSSSS","State-MO","MO","Primary Care",75.165123,67.05304,58.329544,532280,474405.34,10005,1390635
"State","SSSSS","State-MS","MS","Non-Primary Care",78.405579,64.062347,60.514519,107194,96909.914,6113,435632.91
"State","SSSSS","State-MS","MS","Primary Care",79.590477,64.062256,56.334503,130027,115761.84,3900,433802
"State","SSSSS","State-MT","MT","Non-Primary Care",104.91581,70.72773,65.959641,19205,17511.166,3774,92668
"State","SSSSS","State-MT","MT","Primary Care",107.34089,70.722168,61.469215,20189,18331.334,1719,49836
"State","SSSSS","State-NC","NC","Non-Primary Care",85.412758,66.763603,63.412746,546369,488592.84,24658,2557241
"State","SSSSS","State-NC","NC","Primary Care",89.078384,66.763062,59.39669,646353,572754.19,14288,1895771
"State","SSSSS","State-ND","ND","Non-Primary Care",117.92357,68.632286,64.985107,21615,19612.666,2692,97641
"State","SSSSS","State-ND","ND","Primary Care",114.43674,68.624924,60.302773,27145,24323.166,1599,73159
"State","SSSSS","State-NE","NE","Non-Primary Care",101.77797,65.09536,61.75946,132983,119838.59,6798,696646
"State","SSSSS","State-NE","NE","Primary Care",101.05818,65.093216,57.242031,162145,144775.08,3739,481403
"State","SSSSS","State-NH","NH","Non-Primary Care",102.5329,71.330467,67.647614,63735,59180.332,5041,345236
"State","SSSSS","State-NH","NH","Primary Care",109.53501,71.32856,62.541893,56736,52429.75,2537,147196
"State","SSSSS","State-NJ","NJ","Non-Primary Care",84.389977,76.255371,71.217186,890540,814801.06,31765,6057656
"State","SSSSS","State-NJ","NJ","Primary Care",84.139091,76.364426,67.473488,857421,780101.44,10902,2433941
"State","SSSSS","State-NM","NM","Non-Primary Care",91.624634,67.539703,63.759853,52095,47243.668,5313,253986
"State","SSSSS","State-NM","NM","Primary Care",89.393562,67.535805,59.615204,58147,52200.918,2998,164519
"State","SSSSS","State-NV","NV","Non-Primary Care",77.144424,70.834076,66.423325,134383,118960.66,6393,616247
"State","SSSSS","State-NV","NV","Primary Care",77.609612,70.833336,61.619587,131549,115974.16,3088,356983
"State","SSSSS","State-NY","NY","Non-Primary Care",102.77808,78.230469,72.1418,1163695,1064696.4,64467,8768552
"State","SSSSS","State-NY","NY","Primary Care",96.223053,77.843475,66.992889,930991,850691.19,26297,2701631
"State","SSSSS","State-OH","OH","Non-Primary Care",74.788338,66.970726,63.148506,907928,828574.69,43715,4296390.5
"State","SSSSS","State-OH","OH","Primary Care",74.095093,66.971107,58.530033,963470,876158.31,20245,2758729
"State","SSSSS","State-OK","OK","Non-Primary Care",75.732368,65.530937,61.582516,207477,184361.92,10450,940459.88
"State","SSSSS","State-OK","OK","Primary Care",75.286621,65.530899,57.053677,216706,190091.17,5323,688371
"State","SSSSS","State-OR","OR","Non-Primary Care",116.00851,70.122131,64.712029,124170,112014.5,13702,673374
"State","SSSSS","State-OR","OR","Primary Care",122.21862,70.152931,60.058739,147872,132621.5,6945,402138
"State","SSSSS","State-PA","PA","Non-Primary Care",74.201767,70.568726,65.860199,851736,767945.81,42473,4630094.5
"State","SSSSS","State-PA","PA","Primary Care",77.638443,69.962753,60.942715,808372,725602.31,17909,2111055.3
"State","SSSSS","State-SC","SC","Non-Primary Care",76.576057,65.895256,62.626942,186150,166081.92,11106,840594
"State","SSSSS","State-SC","SC","Primary Care",81.211945,65.895226,58.079674,204952,180299.5,5807,584644
"State","SSSSS","State-SD","SD","Non-Primary Care",108.01005,68.269073,64.337036,16449,14991.75,2598,68168
"State","SSSSS","State-SD","SD","Primary Care",120.73012,68.266991,59.830956,17181,15490.167,1552,43435
"State","SSSSS","State-TN","TN","Non-Primary Care",82.040909,65.234222,61.349773,401551,358635.09,17235,2047519
"State","SSSSS","State-TN","TN","Primary Care",78.947121,65.233696,57.224453,426002,377494.66,10574,1381362
"State","SSSSS","State-TX","TX","Non-Primary Care",79.292282,68.424431,64.030067,2553829,2243324.8,60662,13637906
"State","SSSSS","State-TX","TX","Primary Care",80.541534,68.34024,59.906006,2865477,2491436.5,28666,8880926
"State","SSSSS","State-UT","UT","Non-Primary Care",81.45018,67.605339,63.74131,204340,185216.67,8521,926907
"State","SSSSS","State-UT","UT","Primary Care",81.842453,67.60453,59.115379,208518,186606.75,4384,538451
"State","SSSSS","State-VA","VA","Non-Primary Care",83.185532,72.518738,66.2304,580913,521964.91,23389,3107715.5
"State","SSSSS","State-VA","VA","Primary Care",85.754822,72.445084,61.564548,601258,537370.31,10034,1628191
"State","SSSSS","State-VT","VT","Primary Care",101.60104,69.190964,60.255779,11276,10263.417,1259,26958
"State","SSSSS","State-WA","WA","Non-Primary Care",101.08778,72.175797,67.047569,307370,270996.16,25776,1949551.9
"State","SSSSS","State-WA","WA","Primary Care",101.32183,71.945023,62.286003,380927,333372.66,13172,1069134
"State","SSSSS","State-WI","WI","Non-Primary Care",122.30146,66.935509,63.694611,428238,394555.41,19430,2057373
"State","SSSSS","State-WI","WI","Primary Care",133.36494,66.935509,59.700035,496161,454113.41,9820,1281847
"State","SSSSS","State-WV","WV","Non-Primary Care",78.340218,65.309822,61.572563,54404,48341.5,4727,218337.91
"State","SSSSS","State-WV","WV","Primary Care",77.688583,65.309074,57.078056,47445,41847.918,2629,131678
"State","SSSSS","State-WY","WY","Non-Primary Care",112.54514,69.840088,65.596336,19581,17361.834,1950,68424.5
"State","SSSSS","State-WY","WY","Primary Care",106.54655,69.83976,60.641705,16566,14586.5,924,40784
"CBSA","10180","Abilene, TX","TX","Non-Primary Care",88.699249,66.963448,62.886841,14046,11466.333,549,67938
"CBSA","10420","Akron, OH","OH","Non-Primary Care",69.332718,67.025383,62.82336,40039,36433,2870,131608
"CBSA","10420","Akron, OH","OH","Primary Care",74.019066,67.021935,58.367298,42332,38167.668,1905,101071
"CBSA","10580","Albany-Schenectady-Troy, NY","NY","Non-Primary Care",79.99691,67.234093,63.730309,22681,20661,2553,106544
"CBSA","10580","Albany-Schenectady-Troy, NY","NY","Primary Care",82.434418,67.24913,58.942753,20400,18496.584,1409,52120
"CBSA","10740","Albuquerque, NM","NM","Non-Primary Care",89.918762,67.549011,64.061584,30437,28017.916,2938,148801
"CBSA","10740","Albuquerque, NM","NM","Primary Care",87.151588,67.545143,59.918064,31594,29027.334,1537,87839
"CBSA","10900","Allentown-Bethlehem-Easton, PA-NJ","PA","Non-Primary Care",68.75148,69.237732,65.169838,57872,52714.582,2960,258915
"CBSA","10900","Allentown-Bethlehem-Easton, PA-NJ","PA","Primary Care",76.153152,69.154976,60.375969,58280,52584.168,1282,146280
"CBSA","11020","Altoona, PA","PA","Non-Primary Care",76.094276,67.647385,63.664639,29463,26987.25,510,63134
"CBSA","11100","Amarillo, TX","TX","Non-Primary Care",83.657501,66.928871,62.99176,20610,17656,738,103643
"CBSA","11100","Amarillo, TX","TX","Primary Care",81.734344,66.922493,58.171635,25284,21340.166,419,82218
"CBSA","11460","Ann Arbor, MI","MI","Non-Primary Care",87.802505,70.655495,66.146667,20468,18702.666,2436,75706.102
"CBSA","11460","Ann Arbor, MI","MI","Primary Care",89.668793,70.653,61.304035,14534,13143.833,1374,32537
"CBSA","11540","Appleton, WI","WI","Non-Primary Care",117.63434,66.977783,64.092445,26000,24360.834,977,87602
"CBSA","11540","Appleton, WI","WI","Primary Care",128.41835,66.978485,59.451126,29509,27239.916,495,62243
"CBSA","11700","Asheville, NC","NC","Non-Primary Care",73.804466,66.8172,63.52869,21061,18526,1751,90656
"CBSA","11700","Asheville, NC","NC","Primary Care",70.99659,66.815002,59.339931,21827,18943.5,866,60226
"CBSA","12020","Athens-Clarke County, GA","GA","Non-Primary Care",85.601166,66.355766,63.141705,22922,20623.834,851,93368
"CBSA","12060","Atlanta-Sandy Springs-Roswell, GA","GA","Non-Primary Care",92.681252,69.538124,65.752762,591780,531484.25,16054,2947779
"CBSA","12060","Atlanta-Sandy Springs-Roswell, GA","GA","Primary Care",91.482361,69.530602,60.984722,545694,488451,6042,1411794
"CBSA","12100","Atlantic City-Hammonton, NJ","NJ","Non-Primary Care",73.182571,74.630203,70.205902,15839,14560.417,1040,63367
"CBSA","12260","Augusta-Richmond County, GA-SC","GA","Non-Primary Care",80.101425,66.305885,62.844662,30856,27594.416,1622,125890
"CBSA","12260","Augusta-Richmond County, GA-SC","GA","Primary Care",79.906525,66.266602,58.275803,35745,31446.25,701,96881
"CBSA","12420","Austin-Round Rock, TX","TX","Non-Primary Care",78.777184,68.84774,64.997284,356010,309738.84,7175,1964747
"CBSA","12420","Austin-Round Rock, TX","TX","Primary Care",76.144806,68.806709,60.263737,353234,304034.84,2596,985702
"CBSA","12540","Bakersfield, CA","CA","Non-Primary Care",68.605133,72.178131,67.433159,14299,12971.333,1147,64808
"CBSA","12580","Baltimore-Columbia-Towson, MD","MD","Non-Primary Care",76.664841,74.206367,69.467041,227705,207281.25,11566,1352341
"CBSA","12580","Baltimore-Columbia-Towson, MD","MD","Primary Care",79.101196,74.140938,68.05751,207215,187920.67,5118,523804
"CBSA","12940","Baton Rouge, LA","LA","Non-Primary Care",76.603485,66.439636,62.576675,59614,53921.168,2396,322057
"CBSA","12940","Baton Rouge, LA","LA","Primary Care",79.405907,66.437737,57.391312,47285,42465.832,935,132200
"CBSA","13140","Beaumont-Port Arthur, TX","TX","Non-Primary Care",74.923904,66.66584,62.540432,37366,32743.75,849,154906
"CBSA","13140","Beaumont-Port Arthur, TX","TX","Primary Care",70.570808,66.717583,57.923546,43517,37547.5,388,143211
"CBSA","13820","Birmingham-Hoover, AL","AL","Non-Primary Care",66.944572,64.928917,60.871098,34601,30707.334,3147,152531
"CBSA","13820","Birmingham-Hoover, AL","AL","Primary Care",65.995064,64.926628,56.765972,34191,30062.334,1539,101202
"CBSA","13980","Blacksburg-Christiansburg-Radford, VA","VA","Non-Primary Care",79.335396,68.939423,63.622971,12214,11190.333,516,38686.102
"CBSA","14260","Boise City, ID","ID","Non-Primary Care",96.435265,65.260605,61.112137,24588,22237,2353,116856
"CBSA","14260","Boise City, ID","ID","Primary Care",97.703026,65.258614,56.782921,32665,29256.416,1371,90870
"CBSA","14460","Boston-Cambridge-Newton, MA-NH","MA","Non-Primary Care",109.14966,74.658676,69.74305,261261,240466.17,21417,1452330
"CBSA","14460","Boston-Cambridge-Newton, MA-NH","MA","Primary Care",111.77819,74.496696,64.813972,235431,215983.83,9242,594713
"CBSA","14500","Boulder, CO","CO","Non-Primary Care",87.882339,70.357246,66.130867,45200,41299.5,1757,246002
"CBSA","14500","Boulder, CO","CO","Primary Care",85.348061,70.354065,61.183895,43497,39295.168,677,95602
"CBSA","14860","Bridgeport-Stamford-Norwalk, CT","CT","Non-Primary Care",103.0218,74.925011,70.426559,120693,110062,4257,643155
"CBSA","14860","Bridgeport-Stamford-Norwalk, CT","CT","Primary Care",95.677505,74.92205,65.353752,106895,97034,1823,291531
"CBSA","15180","Brownsville-Harlingen, TX","TX","Non-Primary Care",69.742119,66.927116,63.070717,17831,15543.917,600,75378
"CBSA","15180","Brownsville-Harlingen, TX","TX","Primary Care",68.58802,66.921661,57.892372,27302,23445.084,351,93474
"CBSA","15380","Buffalo-Cheektowaga-Niagara Falls, NY","NY","Non-Primary Care",72.660583,67.233704,62.804432,20989,19068.166,2653,83098
"CBSA","15380","Buffalo-Cheektowaga-Niagara Falls, NY","NY","Primary Care",67.80117,67.231079,58.274277,18133,16422.25,1884,44645
"CBSA","15940","Canton-Massillon, OH","OH","Non-Primary Care",61.485279,67.026314,63.003506,17801,15951.917,1486,65563
"CBSA","15980","Cape Coral-Fort Myers, FL","FL","Non-Primary Care",76.047272,72.201096,67.732986,48886,44069.168,1818,243236
"CBSA","15980","Cape Coral-Fort Myers, FL","FL","Primary Care",72.177994,72.200233,62.9893,57467,51605.75,968,146706
"CBSA","16020","Cape Girardeau, MO-IL","MO","Non-Primary Care",79.27784,65.005806,61.005341,13616,12588.667,455,94101
"CBSA","16300","Cedar Rapids, IA","IA","Non-Primary Care",97.793312,65.231857,61.757927,13019,12019.5,943,54278
"CBSA","16300","Cedar Rapids, IA","IA","Primary Care",102.82079,65.226326,56.816399,19116,17457.416,434,53450
"CBSA","16700","Charleston-North Charleston, SC","SC","Non-Primary Care",78.419785,65.934608,63.055683,31894,27874.834,2404,139014
"CBSA","16700","Charleston-North Charleston, SC","SC","Primary Care",80.982048,65.93206,58.416637,33566,29041.334,1057,92044
"CBSA","16740","Charlotte-Concord-Gastonia, NC-SC","NC","Non-Primary Care",91.762276,66.694809,63.526543,176736,156864.58,6456,800586
"CBSA","16740","Charlotte-Concord-Gastonia, NC-SC","NC","Primary Care",101.01743,66.698463,59.010895,200924,176978.08,3206,537694
"CBSA","16820","Charlottesville, VA","VA","Non-Primary Care",95.27314,68.896866,64.399559,35889,32748.166,1641,186888
"CBSA","16820","Charlottesville, VA","VA","Primary Care",91.32045,68.89325,59.864288,33574,30559.334,657,89131
"CBSA","16860","Chattanooga, TN-GA","TN","Non-Primary Care",76.414108,65.319168,61.827908,34048,30456.584,1765,214038
"CBSA","16860","Chattanooga, TN-GA","TN","Primary Care",82.674942,65.368431,57.183647,30688,27405.666,868,87350
"CBSA","16980","Chicago-Naperville-Elgin, IL-IN-WI","IL","Non-Primary Care",90.094513,72.772682,68.04586,711234,637534,36519,4181658
"CBSA","16980","Chicago-Naperville-Elgin, IL-IN-WI","IL","Primary Care",89.003448,72.703484,63.741005,666706,595518.44,18111,1748780
"CBSA","17140","Cincinnati, OH-KY-IN","OH","Non-Primary Care",79.180786,66.726906,63.002754,321510,294240.5,18302,1388316.4
"CBSA","17140","Cincinnati, OH-KY-IN","OH","Primary Care",78.314262,66.673729,58.071281,267913,244258.25,4625,691607
"CBSA","17460","Cleveland-Elyria, OH","OH","Non-Primary Care",72.024414,66.974495,63.488686,132788,121389.34,7411,554678
"CBSA","17460","Cleveland-Elyria, OH","OH","Primary Care",72.432755,66.973724,58.898418,162294,148454.08,4412,389385
"CBSA","17780","College Station-Bryan, TX","TX","Non-Primary Care",76.58979,66.954315,63.252537,37586,32581.334,824,84282
"CBSA","17820","Colorado Springs, CO","CO","Non-Primary Care",84.673096,70.358154,66.433617,46292,41690.418,2241,243003
"CBSA","17820","Colorado Springs, CO","CO","Primary Care",90.081627,70.357346,61.638306,50785,45435.418,1100,134644
"CBSA","17860","Columbia, MO","MO","Non-Primary Care",76.089783,64.872627,61.493637,38946,36067.75,1060,193830
"CBSA","17860","Columbia, MO","MO","Primary Care",69.838692,64.869438,56.850677,33420,30711.416,556,86991
"CBSA","17900","Columbia, SC","SC","Non-Primary Care",73.480881,65.919548,62.602879,49972,44507.168,2139,171600
"CBSA","17900","Columbia, SC","SC","Primary Care",76.999847,65.919113,57.982906,37966,32909.5,1331,103283
"CBSA","18140","Columbus, OH","OH","Non-Primary Care",76.439178,66.974686,63.182693,271823,250313.75,7048,1348823
"CBSA","18140","Columbus, OH","OH","Primary Care",74.12616,66.973404,58.63023,313616,288530.41,4021,873820
"CBSA","18580","Corpus Christi, TX","TX","Non-Primary Care",66.918854,66.912376,62.436649,49902,43371.668,1047,213091
"CBSA","18580","Corpus Christi, TX","TX","Primary Care",65.887779,66.910362,58.365433,51049,43971.168,446,152649
"CBSA","18880","Crestview-Fort Walton Beach-Destin, FL","FL","Non-Primary Care",77.883057,69.066101,65.302223,17553,15885.333,746,64345
"CBSA","19100","Dallas-Fort Worth-Arlington, TX","TX","Non-Primary Care",82.170105,68.523132,64.566177,826312,738423.75,18585,4400314.5
"CBSA","19100","Dallas-Fort Worth-Arlington, TX","TX","Primary Care",88.459129,68.488571,59.932091,926246,821808.81,8035,2948267
"CBSA","19340","Davenport-Moline-Rock Island, IA-IL","IL","Non-Primary Care",82.871696,66.317871,62.682484,32451,30124.834,1191,198762
"CBSA","19340","Davenport-Moline-Rock Island, IA-IL","IL","Primary Care",89.622673,66.369568,58.146038,40199,37124.5,645,112362
"CBSA","19380","Dayton, OH","OH","Non-Primary Care",69.842552,66.982124,63.161877,85617,78761,2765,359524
"CBSA","19380","Dayton, OH","OH","Primary Care",69.934929,66.980049,58.334023,83268,76042.336,1767,242219
"CBSA","19660","Deltona-Daytona Beach-Ormond Beach, FL","FL","Non-Primary Care",68.093575,69.064156,65.139824,43673,39257,1769,151641
"CBSA","19740","Denver-Aurora-Lakewood, CO","CO","Non-Primary Care",84.034843,70.355843,66.278069,275152,247567.75,10565,1471637
"CBSA","19740","Denver-Aurora-Lakewood, CO","CO","Primary Care",82.17289,70.355232,61.330612,279527,249459.67,5158,736546
"CBSA","19780","Des Moines-West Des Moines, IA","IA","Non-Primary Care",85.480186,65.18351,61.979691,55997,51621.5,2392,290289
"CBSA","19780","Des Moines-West Des Moines, IA","IA","Primary Care",93.792976,65.18084,57.690765,84490,77431.914,1264,247877
"CBSA","19820","Detroit-Warren-Dearborn, MI","MI","Non-Primary Care",74.748123,70.435028,66.152916,136406,119787,12405,769055
"CBSA","19820","Detroit-Warren-Dearborn, MI","MI","Primary Care",76.132637,70.341484,61.238476,132429,115958.59,5167,350179
"CBSA","20500","Durham-Chapel Hill, NC","NC","Non-Primary Care",92.044365,66.781715,63.692089,76008,69577.5,3502,256211
"CBSA","20500","Durham-Chapel Hill, NC","NC","Primary Care",96.321709,66.779678,59.516644,70658,64068.25,1916,174474
"CBSA","20740","Eau Claire, WI","WI","Non-Primary Care",148.15953,66.999825,64.227425,13991,12901.917,1301,50227
"CBSA","20740","Eau Claire, WI","WI","Primary Care",164.38809,66.991898,60.038124,14698,13437.417,788,32367
"CBSA","21340","El Paso, TX","TX","Non-Primary Care",71.957306,66.892914,62.34264,51297,45986.582,1522,270256
"CBSA","21340","El Paso, TX","TX","Primary Care",68.660667,66.890808,58.141853,51496,45718.582,682,151273
"CBSA","21500","Erie, PA","PA","Non-Primary Care",72.086021,67.55526,63.863155,19550,17839.584,1062,94677
"CBSA","21500","Erie, PA","PA","Primary Care",72.386482,67.55687,59.042221,18986,17366.916,520,50559
"CBSA","21780","Evansville, IN-KY","IN","Non-Primary Care",76.547913,65.887558,61.869522,14171,12660.167,1080,86738
"CBSA","22180","Fayetteville, NC","NC","Non-Primary Care",68.123909,66.845215,62.818806,12698,11395.583,832,54967
"CBSA","22180","Fayetteville, NC","NC","Primary Care",69.250114,66.836037,58.409313,13533,12074.583,604,42168
"CBSA","22220","Fayetteville-Springdale-Rogers, AR-MO","AR","Non-Primary Care",78.532944,64.348938,60.544796,28712,25866.5,1437,117806
"CBSA","22220","Fayetteville-Springdale-Rogers, AR-MO","AR","Primary Care",79.256599,64.351944,56.307301,27837,24709.416,648,85511
"CBSA","22540","Fond du Lac, WI","WI","Non-Primary Care",130.21494,67.06218,63.450462,12267,11398.583,328,38005
"CBSA","22660","Fort Collins, CO","CO","Non-Primary Care",84.11129,70.361176,67.134521,25025,22816.166,1399,117099
"CBSA","22660","Fort Collins, CO","CO","Primary Care",87.619438,70.360031,61.812431,29408,26545.834,613,72996
"CBSA","23060","Fort Wayne, IN","IN","Non-Primary Care",69.722198,65.877602,62.439835,18933,17212.25,1403,96198
"CBSA","23060","Fort Wayne, IN","IN","Primary Care",67.953972,65.87487,57.918163,19223,17308.166,732,51307
"CBSA","23420","Fresno, CA","CA","Non-Primary Care",74.309547,72.181473,68.228783,18451,16584,1429,81373
"CBSA","23420","Fresno, CA","CA","Primary Care",75.373474,72.182541,62.589535,19488,17374,768,56240
"CBSA","23540","Gainesville, FL","FL","Non-Primary Care",86.174568,69.069458,65.146629,20512,18635.916,1431,75139
"CBSA","23540","Gainesville, FL","FL","Primary Care",85.91555,69.065605,60.107761,15656,14112.417,634,39933
"CBSA","23580","Gainesville, GA","GA","Non-Primary Care",81.203735,66.395966,63.330612,22189,19975.5,737,80476
"CBSA","24340","Grand Rapids-Wyoming, MI","MI","Non-Primary Care",80.821182,67.022415,62.587418,37930,34800.25,3475,174484
"CBSA","24340","Grand Rapids-Wyoming, MI","MI","Primary Care",84.691193,67.021904,57.932827,37291,34153.75,1638,92650
"CBSA","24540","Greeley, CO","CO","Non-Primary Care",88.565567,70.364197,65.812675,13936,12668.75,632,35158
"CBSA","24540","Greeley, CO","CO","Primary Care",84.695633,70.360634,60.980244,14806,13245.25,412,35138
"CBSA","24580","Green Bay, WI","WI","Non-Primary Care",135.98547,66.979248,63.98679,36731,34225.75,1380,126643
"CBSA","24580","Green Bay, WI","WI","Primary Care",136.17514,66.979286,58.898727,37268,34472.082,768,81677
"CBSA","24660","Greensboro-High Point, NC","NC","Non-Primary Care",83.336044,66.799904,63.395935,56347,51272.418,1790,239645
"CBSA","24660","Greensboro-High Point, NC","NC","Primary Care",88.539009,66.799873,58.71405,79239,71696.086,1167,199200
"CBSA","24860","Greenville-Anderson-Mauldin, SC","SC","Non-Primary Care",77.1007,65.919868,62.598042,53123,48453.5,2833,258260
"CBSA","24860","Greenville-Anderson-Mauldin, SC","SC","Primary Care",86.339584,65.918198,58.099007,52899,47590.168,1362,149346
"CBSA","25060","Gulfport-Biloxi-Pascagoula, MS","MS","Non-Primary Care",76.516853,64.181747,60.982162,12262,10922,978,44696
"CBSA","25180","Hagerstown-Martinsburg, MD-WV","MD","Non-Primary Care",79.323219,70.02005,65.325089,21485,19677.75,933,97548
"CBSA","25420","Harrisburg-Carlisle, PA","PA","Non-Primary Care",72.609428,67.511436,64.188881,47320,43271.75,2859,227613
"CBSA","25420","Harrisburg-Carlisle, PA","PA","Primary Care",77.216888,67.509499,59.390831,60162,54799,1464,153610.3
"CBSA","25540","Hartford-West Hartford-East Hartford, CT","CT","Non-Primary Care",100.72032,74.932732,70.061935,100509,91101.414,5244,466400
"CBSA","25540","Hartford-West Hartford-East Hartford, CT","CT","Primary Care",95.494545,74.932053,64.559319,107992,97491.336,3167,290484
"CBSA","25620","Hattiesburg, MS","MS","Non-Primary Care",83.490921,64.205193,61.601547,12672,11575.75,613,47242
"CBSA","25860","Hickory-Lenoir-Morganton, NC","NC","Non-Primary Care",85.180069,66.834473,63.171608,15564,13839.25,740,59669
"CBSA","25860","Hickory-Lenoir-Morganton, NC","NC","Primary Care",79.754181,66.831825,58.84264,19739,17192.166,489,59486
"CBSA","26380","Houma-Thibodaux, LA","LA","Non-Primary Care",76.631104,66.550613,62.123165,15320,13910.333,649,55155
"CBSA","26420","Houston-The Woodlands-Sugar Land, TX","TX","Non-Primary Care",78.314072,69.731209,65.208099,736852,652633.25,16834,3513877.5
"CBSA","26420","Houston-The Woodlands-Sugar Land, TX","TX","Primary Care",77.490944,69.731041,60.669964,744800,654201.75,7725,2138491
"CBSA","26580","Huntington-Ashland, WV-KY-OH","KY","Non-Primary Care",74.155891,65.33194,61.962696,21958,19714.666,1230,71451.898
"CBSA","26620","Huntsville, AL","AL","Non-Primary Care",61.825314,64.969803,60.679192,12698,11372.583,1109,64151
"CBSA","26620","Huntsville, AL","AL","Primary Care",62.969147,64.967659,56.185108,12942,11458.333,660,42426
"CBSA","26900","Indianapolis-Carmel-Anderson, IN","IN","Non-Primary Care",71.900574,65.846169,62.527729,123760,111853.25,6342,507952
"CBSA","26900","Indianapolis-Carmel-Anderson, IN","IN","Primary Care",70.383522,65.846199,57.89312,116860,104871.09,3437,303715
"CBSA","26980","Iowa City, IA","IA","Non-Primary Care",113.76508,65.26873,61.718304,14696,13594,1183,47834
"CBSA","27140","Jackson, MS","MS","Non-Primary Care",78.540665,64.13179,60.757393,32137,29298.834,1858,131365.91
"CBSA","27140","Jackson, MS","MS","Primary Care",78.709183,64.131699,56.321075,37087,33359.25,1184,114361
"CBSA","27260","Jacksonville, FL","FL","Non-Primary Care",81.673569,69.050987,65.282272,129766,116208.91,4939,683490
"CBSA","27260","Jacksonville, FL","FL","Primary Care",79.20639,69.049568,60.440754,130543,116321.09,2384,387496
"CBSA","27620","Jefferson City, MO","MO","Non-Primary Care",75.597107,65.003052,61.977947,13190,12215.833,443,51844
"CBSA","27740","Johnson City, TN","TN","Primary Care",84.527672,65.316582,56.04121,13597,12093.333,600,46875
"CBSA","28020","Kalamazoo-Portage, MI","MI","Non-Primary Care",80.156441,67.060616,63.594402,16150,14830.583,1268,62584
"CBSA","28140","Kansas City, MO-KS","MO","Non-Primary Care",71.09053,66.931107,62.800419,181514,163053.67,7543,828677
"CBSA","28140","Kansas City, MO-KS","MO","Primary Care",74.634224,66.925423,58.311356,186907,166167,3197,495666
"CBSA","28420","Kennewick-Richland, WA","WA","Non-Primary Care",86.98365,69.409294,65.524811,12082,10175.75,870,52117
"CBSA","28420","Kennewick-Richland, WA","WA","Primary Care",81.510864,69.406151,60.410412,15971,13205.667,509,49220
"CBSA","28660","Killeen-Temple, TX","TX","Non-Primary Care",73.567055,66.958626,61.886543,22109,19203,1223,67882
"CBSA","28660","Killeen-Temple, TX","TX","Primary Care",75.753281,66.958435,57.325832,26415,22591.666,1038,66518
"CBSA","28700","Kingsport-Bristol-Bristol, TN-VA","TN","Non-Primary Care",84.481209,66.098114,62.626884,12496,11119.333,904,40789
"CBSA","28940","Knoxville, TN","TN","Non-Primary Care",75.323463,65.250031,61.673264,71757,64761.668,3023,395351
"CBSA","28940","Knoxville, TN","TN","Primary Care",82.600739,65.248131,57.402996,75873,68073.75,1623,244526
"CBSA","29180","Lafayette, LA","LA","Non-Primary Care",74.822403,66.458969,62.152912,25372,22757.666,1280,115158
"CBSA","29180","Lafayette, LA","LA","Primary Care",70.426964,66.459221,57.752693,22651,19946.916,590,68649
"CBSA","29200","Lafayette-West Lafayette, IN","IN","Non-Primary Care",73.946678,65.9132,62.847748,12757,11653.333,699,48658
"CBSA","29340","Lake Charles, LA","LA","Non-Primary Care",73.499626,66.549881,62.040188,11990,11009.5,507,52136
"CBSA","29460","Lakeland-Winter Haven, FL","FL","Non-Primary Care",74.834145,69.062576,65.290985,43225,39164.668,1291,189835
"CBSA","29460","Lakeland-Winter Haven, FL","FL","Primary Care",78.604431,69.062378,60.514549,49770,44626,849,155340
"CBSA","29540","Lancaster, PA","PA","Non-Primary Care",72.96685,67.516266,63.946342,28079,25327.75,1760,176764
"CBSA","29820","Las Vegas-Henderson-Paradise, NV","NV","Non-Primary Care",74.069237,70.834045,66.41021,103863,91852.914,4527,468598
"CBSA","29820","Las Vegas-Henderson-Paradise, NV","NV","Primary Care",71.209106,70.833099,61.508972,98967,87277.414,2150,270807
"CBSA","30340","Lewiston-Auburn, ME","ME","Non-Primary Care",82.968605,66.421806,62.813534,28755,25541.166,715,66888
"CBSA","30460","Lexington-Fayette, KY","KY","Non-Primary Care",66.910744,65.134949,61.93428,32010,28882.75,2266,137430
"CBSA","30460","Lexington-Fayette, KY","KY","Primary Care",65.44809,65.131622,57.539635,30599,27119.416,1133,84094
"CBSA","30700","Lincoln, NE","NE","Non-Primary Care",85.284515,65.1278,62.074394,26276,23288.166,1429,122687
"CBSA","30700","Lincoln, NE","NE","Primary Care",85.758667,65.124886,57.496986,32971,28963.666,750,95746
"CBSA","30780","Little Rock-North Little Rock-Conway, AR","AR","Non-Primary Care",71.028557,64.327896,60.821308,43203,39253.168,2550,231627
"CBSA","30780","Little Rock-North Little Rock-Conway, AR","AR","Primary Care",71.928734,64.328537,56.445961,44645,40295.918,1257,145886
"CBSA","30980","Longview, TX","TX","Non-Primary Care",88.630165,66.991196,63.524391,19089,16609.416,661,59298
"CBSA","31080","Los Angeles-Long Beach-Anaheim, CA","CA","Non-Primary Care",85.117462,76.674782,71.591858,408643,368615.59,31424,2542800.3
"CBSA","31080","Los Angeles-Long Beach-Anaheim, CA","CA","Primary Care",86.42971,76.658554,66.358047,394833,356778.66,12194,1078831
"CBSA","31140","Louisville/Jefferson County, KY-IN","KY","Non-Primary Care",63.602226,65.231514,61.697823,115834,105479.41,4543,584671.31
"CBSA","31140","Louisville/Jefferson County, KY-IN","KY","Primary Care",64.446098,65.260017,57.262314,99509,90127,2151,250369
"CBSA","31180","Lubbock, TX","TX","Non-Primary Care",80.908905,66.930534,63.505039,25683,20613.5,860,107822
"CBSA","31180","Lubbock, TX","TX","Primary Care",81.228249,66.928871,58.715759,33618,26583.166,595,103043
"CBSA","31420","Macon, GA","GA","Non-Primary Care",80.773407,66.386185,62.894848,19021,17142.084,875,72197
"CBSA","31540","Madison, WI","WI","Non-Primary Care",120.30607,66.973122,63.719944,20335,18524.75,2748,68141
"CBSA","31540","Madison, WI","WI","Primary Care",137.62242,66.969383,59.244595,20038,18036.666,1341,43267
"CBSA","31700","Manchester-Nashua, NH","NH","Non-Primary Care",106.56337,71.329239,67.960129,25192,23426.834,1747,123650
"CBSA","31700","Manchester-Nashua, NH","NH","Primary Care",117.64651,71.326553,62.654453,24167,22359.5,983,59215
"CBSA","32580","McAllen-Edinburg-Mission, TX","TX","Non-Primary Care",67.77282,66.911995,63.531662,29193,24186.416,1158,128002
"CBSA","32580","McAllen-Edinburg-Mission, TX","TX","Primary Care",65.152466,66.910202,58.864445,40034,32166.166,618,135694
"CBSA","32820","Memphis, TN-MS-AR","TN","Non-Primary Care",77.437202,65.067215,60.842949,82138,73542.086,3354,397902
"CBSA","32820","Memphis, TN-MS-AR","TN","Primary Care",73.155777,64.992668,56.952129,81668,72480.25,2151,256038
"CBSA","33100","Miami-Fort Lauderdale-West Palm Beach, FL","FL","Non-Primary Care",78.443314,72.914124,68.293495,529638,475638,16668,2865793
"CBSA","33100","Miami-Fort Lauderdale-West Palm Beach, FL","FL","Primary Care",73.940186,72.99897,63.912231,467737,420352.91,6743,1267106
"CBSA","33260","Midland, TX","TX","Non-Primary Care",84.511955,66.999855,62.749352,18692,16096.417,419,60200
"CBSA","33340","Milwaukee-Waukesha-West Allis, WI","WI","Non-Primary Care",118.7517,66.946136,63.715328,230464,212752.83,8010,1130199
"CBSA","33340","Milwaukee-Waukesha-West Allis, WI","WI","Primary Care",127.03418,66.945313,59.18914,256443,235592.5,4265,647437
"CBSA","33660","Mobile, AL","AL","Non-Primary Care",61.707829,64.97934,61.534229,12019,10689.583,1025,46919
"CBSA","33660","Mobile, AL","AL","Primary Care",59.399097,64.978104,56.768139,11702,10233.917,542,34949
"CBSA","33700","Modesto, CA","CA","Non-Primary Care",99.681412,72.163818,67.95961,32158,28988.666,1183,71391
"CBSA","34820","Myrtle Beach-Conway-North Myrtle Beach, SC-NC","SC","Non-Primary Care",76.39225,66.19059,62.696354,16269,14669.167,1090,59478
"CBSA","34820","Myrtle Beach-Conway-North Myrtle Beach, SC-NC","SC","Primary Care",81.223442,66.160103,57.705154,18294,16447.084,677,46787
"CBSA","34940","Naples-Immokalee-Marco Island, FL","FL","Non-Primary Care",84.66349,72.188766,68.344933,17168,15416.25,1028,73393
"CBSA","34940","Naples-Immokalee-Marco Island, FL","FL","Primary Care",81.681671,72.187149,63.285301,14728,13078.25,455,41037
"CBSA","34980","Nashville-Davidson--Murfreesboro--Franklin, TN","TN","Non-Primary Care",87.48526,65.243027,61.540394,162489,145484.83,6403,739867
"CBSA","34980","Nashville-Davidson--Murfreesboro--Franklin, TN","TN","Primary Care",81.540024,65.241722,57.246399,177035,156938.5,3845,495717
"CBSA","35300","New Haven-Milford, CT","CT","Non-Primary Care",112.42612,74.913864,70.327835,70084,63094.168,4121,322008
"CBSA","35300","New Haven-Milford, CT","CT","Primary Care",98.622414,74.914261,64.856789,56704,50661.25,2141,155184
"CBSA","35380","New Orleans-Metairie, LA","LA","Non-Primary Care",72.537308,68.807465,64.391762,111279,101258.34,4606,579085
"CBSA","35380","New Orleans-Metairie, LA","LA","Primary Care",75.280663,68.520164,59.608154,80951,73600.75,1603,217500
"CBSA","35620","New York-Newark-Jersey City, NY-NJ-PA","NY","Non-Primary Care",97.957314,78.420837,73.468018,1627919,1487391.9,73100,12671204
"CBSA","35620","New York-Newark-Jersey City, NY-NJ-PA","NY","Primary Care",91.584496,78.441101,69.592224,1414808,1291049.4,25239,4138670
"CBSA","35840","North Port-Sarasota-Bradenton, FL","FL","Non-Primary Care",73.47068,69.051445,65.492569,59431,53386.668,2669,309794
"CBSA","35840","North Port-Sarasota-Bradenton, FL","FL","Primary Care",72.80899,69.051048,60.845299,64363,57204.332,1094,165403
"CBSA","35980","Norwich-New London, CT","CT","Non-Primary Care",79.457039,74.880974,69.18219,21735,20211.334,1040,122962
"CBSA","36260","Ogden-Clearfield, UT","UT","Non-Primary Care",80.307716,67.627678,63.916409,47791,44140.668,1654,219975
"CBSA","36260","Ogden-Clearfield, UT","UT","Primary Care",79.470871,67.623718,58.956638,55073,50032.332,691,146156
"CBSA","36420","Oklahoma City, OK","OK","Non-Primary Care",74.476418,65.538841,62.201595,105459,93107.836,5589,414093
"CBSA","36420","Oklahoma City, OK","OK","Primary Care",74.609459,65.538277,57.36272,94238,82137.164,2370,274456
"CBSA","36500","Olympia-Tumwater, WA","WA","Primary Care",94.179291,69.404129,60.881721,11575,10026.333,579,30890
"CBSA","36540","Omaha-Council Bluffs, NE-IA","NE","Non-Primary Care",108.52181,65.118919,61.65712,90378,82086.336,3840,471304
"CBSA","36540","Omaha-Council Bluffs, NE-IA","NE","Primary Care",110.93742,65.115318,57.328732,105537,95265.836,1986,308994
"CBSA","36740","Orlando-Kissimmee-Sanford, FL","FL","Non-Primary Care",73.753563,69.04644,65.66124,203573,184046.58,6324,1018964
"CBSA","36740","Orlando-Kissimmee-Sanford, FL","FL","Primary Care",73.944244,69.046967,61.5718,207148,186933.58,3086,549093
"CBSA","36780","Oshkosh-Neenah, WI","WI","Non-Primary Care",125.63348,67.001419,63.531693,22516,21109.416,833,83065
"CBSA","37100","Oxnard-Thousand Oaks-Ventura, CA","CA","Non-Primary Care",75.215073,75.871422,71.025818,33450,30870.084,2084,213968
"CBSA","37100","Oxnard-Thousand Oaks-Ventura, CA","CA","Primary Care",72.410271,75.868523,65.436539,30622,28217.166,687,84810
"CBSA","37340","Palm Bay-Melbourne-Titusville, FL","FL","Non-Primary Care",70.701599,69.059151,65.301636,32942,29650.834,1517,149120
"CBSA","37340","Palm Bay-Melbourne-Titusville, FL","FL","Primary Care",71.228699,69.058426,60.541851,29499,26304.084,811,88516
"CBSA","37860","Pensacola-Ferry Pass-Brent, FL","FL","Non-Primary Care",78.792511,69.069855,64.956543,26368,23984.584,1231,101766
"CBSA","37860","Pensacola-Ferry Pass-Brent, FL","FL","Primary Care",76.615173,69.06488,60.712936,28867,26045.416,717,86122
"CBSA","37900","Peoria, IL","IL","Non-Primary Care",88.116486,67.412773,64.156898,43019,39568.582,1579,196557
"CBSA","37900","Peoria, IL","IL","Primary Care",87.946648,67.412872,59.375877,58892,54109,1120,160456
"CBSA","37980","Philadelphia-Camden-Wilmington, PA-NJ-DE-MD","PA","Non-Primary Care",76.173889,73.776955,69.002632,620973,557182.25,23443,3627254
"CBSA","37980","Philadelphia-Camden-Wilmington, PA-NJ-DE-MD","PA","Primary Care",82.520668,73.720688,64.001862,539827,482394.75,9494,1366523
"CBSA","38060","Phoenix-Mesa-Scottsdale, AZ","AZ","Non-Primary Care",73.061096,68.893188,64.962799,425710,379258.84,13206,2557774
"CBSA","38060","Phoenix-Mesa-Scottsdale, AZ","AZ","Primary Care",71.054131,68.894272,60.304817,451259,398366.34,6494,1426061
"CBSA","38300","Pittsburgh, PA","PA","Non-Primary Care",73.256447,67.494827,63.859531,169293,151541.25,9240,887999.13
"CBSA","38300","Pittsburgh, PA","PA","Primary Care",74.674843,67.494278,59.175396,149383,133268.58,3653,387076
"CBSA","38860","Portland-South Portland, ME","ME","Non-Primary Care",92.351357,69.083527,64.922203,47642,42007.668,3174,275268
"CBSA","38860","Portland-South Portland, ME","ME","Primary Care",100.95675,69.037323,60.498131,44056,38814.832,1023,109080
"CBSA","38900","Portland-Vancouver-Hillsboro, OR-WA","OR","Non-Primary Care",115.99562,70.690269,66.045937,106048,95046.75,9507,609309
"CBSA","38900","Portland-Vancouver-Hillsboro, OR-WA","OR","Primary Care",121.63641,70.748642,61.180305,123526,110197.41,4257,336547
"CBSA","38940","Port St. Lucie, FL","FL","Non-Primary Care",76.723167,72.190903,67.790016,21717,19581.084,1242,97183
"CBSA","38940","Port St. Lucie, FL","FL","Primary Care",75.147133,72.189354,62.820633,16644,14854,479,44877
"CBSA","39340","Provo-Orem, UT","UT","Non-Primary Care",79.041855,67.656998,63.796284,69659,63524.5,1341,205001
"CBSA","39340","Provo-Orem, UT","UT","Primary Care",75.667755,67.655128,59.584541,45250,40144.332,604,111527
"CBSA","39540","Racine, WI","WI","Non-Primary Care",107.4118,67.042358,62.536942,26620,24861.666,666,94553
"CBSA","39580","Raleigh, NC","NC","Non-Primary Care",78.669708,66.775093,63.360306,126127,114111.91,4717,568054
"CBSA","39580","Raleigh, NC","NC","Primary Care",84.678749,66.773506,58.897659,138945,124513.59,3170,387978
"CBSA","39740","Reading, PA","PA","Non-Primary Care",75.018501,67.55864,64.250854,24498,22290.25,1306,98587
"CBSA","39900","Reno, NV","NV","Non-Primary Care",83.004967,70.832085,66.71994,22297,19986.166,1361,109314
"CBSA","39900","Reno, NV","NV","Primary Care",87.695724,70.83033,61.785202,22506,20042.834,671,58265
"CBSA","40060","Richmond, VA","VA","Non-Primary Care",81.873802,68.88662,65.071213,88961,77730.414,4183,403131
"CBSA","40060","Richmond, VA","VA","Primary Care",80.061714,68.883202,60.183044,84781,73773.414,1974,215768
"CBSA","40140","Riverside-San Bernardino-Ontario, CA","CA","Non-Primary Care",70.454811,72.237839,67.962105,71242,64347.5,5403,285533
"CBSA","40140","Riverside-San Bernardino-Ontario, CA","CA","Primary Care",69.680984,72.238113,62.767845,88560,79857.164,2428,202028
"CBSA","40220","Roanoke, VA","VA","Non-Primary Care",80.006027,68.903008,65.26297,30121,27267.166,1101,130361
"CBSA","40220","Roanoke, VA","VA","Primary Care",81.808006,68.899986,59.805313,31026,27861.75,707,84657
"CBSA","40380","Rochester, NY","NY","Non-Primary Care",95.226082,67.227455,62.522839,28547,26295.5,2908,130401
"CBSA","40380","Rochester, NY","NY","Primary Care",87.019867,67.226875,58.142101,27355,24986.334,1781,72818
"CBSA","40420","Rockford, IL","IL","Non-Primary Care",84.511833,67.444054,63.984196,22925,19710.166,1461,72809
"CBSA","40900","Sacramento--Roseville--Arden-Arcade, CA","CA","Non-Primary Care",108.31977,72.230774,68.822952,53207,48470.25,4326,258038
"CBSA","40900","Sacramento--Roseville--Arden-Arcade, CA","CA","Primary Care",134.79321,72.229637,63.886757,60617,54945.168,1897,152361
"CBSA","41180","St. Louis, MO-IL","MO","Non-Primary Care",70.358894,68.446037,64.522598,350019,313332.59,11043,1726413
"CBSA","41180","St. Louis, MO-IL","MO","Primary Care",70.854111,68.448677,59.934837,336747,299252.66,5728,852525
"CBSA","41540","Salisbury, MD-DE","DE","Non-Primary Care",67.080345,71.199158,67.102837,20838,17396.584,1385,96817
"CBSA","41540","Salisbury, MD-DE","DE","Primary Care",69.976929,71.187073,62.148613,18313,14951.917,647,44995
"CBSA","41620","Salt Lake City, UT","UT","Non-Primary Care",82.621735,67.608658,63.473251,98672,89482,5210,395649
"CBSA","41620","Salt Lake City, UT","UT","Primary Care",84.373077,67.609108,58.597446,93104,83248.336,2915,224097
"CBSA","41700","San Antonio-New Braunfels, TX","TX","Non-Primary Care",74.379135,66.883057,63.260201,310409,275287.09,7157,1500843
"CBSA","41700","San Antonio-New Braunfels, TX","TX","Primary Care",68.552055,66.882896,59.119469,275786,242842.67,3109,831502
"CBSA","41740","San Diego-Carlsbad, CA","CA","Non-Primary Care",89.898781,72.496887,68.363411,132590,121114,8159,780992
"CBSA","41740","San Diego-Carlsbad, CA","CA","Primary Care",97.647041,72.497025,63.313644,121758,111084.16,2887,325931
"CBSA","41860","San Francisco-Oakland-Hayward, CA","CA","Non-Primary Care",112.06291,81.424042,75.901199,224562,203999.58,13099,1299947
"CBSA","41860","San Francisco-Oakland-Hayward, CA","CA","Primary Care",133.82341,81.259201,70.190376,218549,197453.5,4061,535707
"CBSA","41940","San Jose-Sunnyvale-Santa Clara, CA","CA","Non-Primary Care",123.48276,82.724586,76.687141,150837,138896,6420,937925
"CBSA","41940","San Jose-Sunnyvale-Santa Clara, CA","CA","Primary Care",135.52115,82.653137,70.835495,148108,135378.58,2061,373994
"CBSA","42340","Savannah, GA","GA","Non-Primary Care",80.682022,66.379562,63.022705,23288,20420.666,1035,100162
"CBSA","42540","Scranton--Wilkes-Barre--Hazleton, PA","PA","Non-Primary Care",67.604111,67.528687,63.623215,18175,16359.667,1646,95641
"CBSA","42540","Scranton--Wilkes-Barre--Hazleton, PA","PA","Primary Care",71.687813,67.524925,58.971317,25286,22785.166,705,59563
"CBSA","42660","Seattle-Tacoma-Bellevue, WA","WA","Non-Primary Care",99.901161,73.263016,68.424431,217422,192622.42,16476,1415734
"CBSA","42660","Seattle-Tacoma-Bellevue, WA","WA","Primary Care",103.75369,73.279541,63.580181,261703,230573.08,8050,715795
"CBSA","43100","Sheboygan, WI","WI","Non-Primary Care",125.08945,67.015862,63.619091,15385,14523.75,426,52300
"CBSA","43300","Sherman-Denison, TX","TX","Non-Primary Care",74.733543,66.957314,63.019852,12353,10980.75,390,55665
"CBSA","43340","Shreveport-Bossier City, LA","LA","Non-Primary Care",80.628761,66.478302,62.490948,26733,23892,1249,112481
"CBSA","43340","Shreveport-Bossier City, LA","LA","Primary Care",80.892937,66.473511,58.214256,25702,22789.416,661,82728
"CBSA","43780","South Bend-Mishawaka, IN-MI","IN","Non-Primary Care",83.751976,65.907074,62.920704,14513,13137.833,942,53741
"CBSA","43780","South Bend-Mishawaka, IN-MI","IN","Primary Care",82.375084,65.901794,58.362232,14802,13265.25,536,37264
"CBSA","43900","Spartanburg, SC","SC","Non-Primary Care",78.558228,66.02169,62.642593,11713,10514.167,756,42772
"CBSA","44060","Spokane-Spokane Valley, WA","WA","Non-Primary Care",97.51741,69.398369,65.805046,22105,19961.416,2200,137147
"CBSA","44060","Spokane-Spokane Valley, WA","WA","Primary Care",97.837479,69.396385,60.940392,24755,22112.584,1217,71665
"CBSA","44100","Springfield, IL","IL","Non-Primary Care",99.296913,67.436852,64.556389,17798,14342.083,1087,64898
"CBSA","44100","Springfield, IL","IL","Primary Care",108.09702,67.43029,59.856495,17060,13415.917,562,40894
"CBSA","44140","Springfield, MA","MA","Non-Primary Care",89.263985,72.150505,67.930321,15968,14546.417,2165,80385
"CBSA","44140","Springfield, MA","MA","Primary Care",92.815346,72.160683,63.016727,16652,15215.083,1078,41560
"CBSA","44180","Springfield, MO","MO","Non-Primary Care",82.361336,64.908585,62.016495,28677,26140.666,1472,98436
"CBSA","44180","Springfield, MO","MO","Primary Care",86.795799,64.907776,57.498932,31262,28165.584,665,75175
"CBSA","44220","Springfield, OH","OH","Non-Primary Care",66.875854,67.079872,63.804741,11345,10431.083,374,40259
"CBSA","44700","Stockton-Lodi, CA","CA","Non-Primary Care",85.612152,72.163437,67.512299,11001,10087,1056,48201
"CBSA","45060","Syracuse, NY","NY","Non-Primary Care",79.621147,67.23204,63.282013,23828,21729.166,1973,104775
"CBSA","45060","Syracuse, NY","NY","Primary Care",80.195633,67.227875,58.690311,20822,18679.666,1110,56845
"CBSA","45220","Tallahassee, FL","FL","Non-Primary Care",78.377472,69.077629,64.662895,13335,12138.25,749,50419
"CBSA","45300","Tampa-St. Petersburg-Clearwater, FL","FL","Non-Primary Care",71.201942,69.046967,65.190315,296283,266893.34,8232,1476209
"CBSA","45300","Tampa-St. Petersburg-Clearwater, FL","FL","Primary Care",71.899826,69.046837,60.564171,289965,259730.5,4123,800367
"CBSA","45780","Toledo, OH","OH","Non-Primary Care",67.644295,67.006119,63.42218,33688,30591.084,2185,133052
"CBSA","45780","Toledo, OH","OH","Primary Care",68.113487,67.002472,58.745331,35688,32274.5,1414,97049
"CBSA","45940","Trenton, NJ","NJ","Non-Primary Care",83.110001,74.66124,70.925804,78678,72201.586,3170,363468
"CBSA","45940","Trenton, NJ","NJ","Primary Care",83.917519,74.662453,65.973953,64952,58845.75,1750,158217
"CBSA","46060","Tucson, AZ","AZ","Non-Primary Care",75.609253,68.897133,65.060631,105051,95889.336,3033,480195
"CBSA","46060","Tucson, AZ","AZ","Primary Care",71.92688,68.896309,60.227139,91724,83407.664,1609,234939
"CBSA","46100","Tullahoma-Manchester, TN","TN","Non-Primary Care",70.431366,65.45639,61.932716,28057,25093.916,256,59078
"CBSA","46140","Tulsa, OK","OK","Non-Primary Care",75.868233,65.547905,61.08577,76725,69410.586,2799,395124.91
"CBSA","46140","Tulsa, OK","OK","Primary Care",77.315224,65.549339,56.714245,79721,71414.75,1538,259212
"CBSA","46340","Tyler, TX","TX","Non-Primary Care",89.989067,66.914482,63.249855,38206,32841.418,1022,142877
"CBSA","47220","Vineland-Bridgeton, NJ","NJ","Non-Primary Care",70.827728,74.594521,69.411575,11560,10697.5,399,51676
"CBSA","47260","Virginia Beach-Norfolk-Newport News, VA-NC","VA","Non-Primary Care",78.482071,68.885895,64.872444,66693,59372.25,4425,291367
"CBSA","47260","Virginia Beach-Norfolk-Newport News, VA-NC","VA","Primary Care",84.502403,68.880081,60.103634,57058,50661,2091,147282
"CBSA","47380","Waco, TX","TX","Non-Primary Care",86.875916,66.938126,63.333481,21706,18755.75,710,89834
"CBSA","47380","Waco, TX","TX","Primary Care",81.303307,66.932571,58.710464,24090,20496,386,63222
"CBSA","47900","Washington-Arlington-Alexandria, DC-VA-MD-WV","VA","Non-Primary Care",84.382736,76.36792,71.103859,595563,543086,20961,3724091.8
"CBSA","47900","Washington-Arlington-Alexandria, DC-VA-MD-WV","VA","Primary Care",87.280174,76.094894,66.136543,614319,557418.81,8170,1634985
"CBSA","47940","Waterloo-Cedar Falls, IA","IA","Non-Primary Care",93.996559,65.2304,61.66835,14556,13627.583,635,72962
"CBSA","47940","Waterloo-Cedar Falls, IA","IA","Primary Care",91.415428,65.22657,57.628216,20526,19052,611,61509
"CBSA","48620","Wichita, KS","KS","Non-Primary Care",74.769119,65.762825,61.858162,83645,76729.836,2597,432707
"CBSA","48620","Wichita, KS","KS","Primary Care",71.301765,65.760689,57.713711,85264,77439.75,1205,251225
"CBSA","48900","Wilmington, NC","NC","Non-Primary Care",78.412308,66.805191,63.317993,22552,20719.666,1046,105463
"CBSA","48900","Wilmington, NC","NC","Primary Care",81.965439,66.800636,58.711109,23532,21464.084,562,68432
"CBSA","49020","Winchester, VA-WV","VA","Non-Primary Care",83.972115,68.870789,64.45443,16165,14603.667,579,66288
"CBSA","49180","Winston-Salem, NC","NC","Non-Primary Care",91.884697,66.799011,63.528481,43482,39010.918,1992,155271
"CBSA","49180","Winston-Salem, NC","NC","Primary Care",99.022812,66.794205,58.830379,44018,38876.332,1190,116412
"CBSA","49340","Worcester, MA-CT","MA","Non-Primary Care",96.385895,72.496155,67.929062,39156,36119.5,3075,176771.3
"CBSA","49340","Worcester, MA-CT","MA","Primary Care",100.27686,72.609283,62.857578,36932,33869.082,1587,85618
"CBSA","49620","York-Hanover, PA","PA","Non-Primary Care",71.958061,67.511658,64.231804,20929,18858.084,1287,102367
"CBSA","49620","York-Hanover, PA","PA","Primary Care",73.30233,67.509499,59.522804,25914,23039.334,604,66106
"CBSA","49660","Youngstown-Warren-Boardman, OH-PA","OH","Non-Primary Care",64.83567,67.174004,62.879135,25764,23126.334,1759,109154.1
"CBSA","49660","Youngstown-Warren-Boardman, OH-PA","OH","Primary Care",64.872627,67.135391,58.328651,25541,22748.75,802,72752
